Author,Genres
Garth Nix,Fantasy
Rick Riordan,Fantasy
Jack Vance,Fantasy
Lloyd Alexander,Fantasy
Marion Zimmer Bradley,Fantasy
Libba Bray,Fantasy
Brandon Sanderson,Fantasy
Hannes Bok,Fantasy
Margaret Weis,Fantasy
David Drake,Fantasy
Tamora Pierce,Fantasy
Brent Weeks,Fantasy
Ursula K. Le Guin,Fantasy
Douglas Niles,Fantasy
Holly Black,Fantasy
Xu Zhonglin  Lu Xixing,Fantasy
Justine Larbalestier,Fantasy
Terry Brooks,Fantasy
Nnedi Okorafor,Fantasy
Katharine Kerr,Fantasy
Erin Hunter,Fantasy
Lawrence Watt-Evans,Fantasy
Jonathan Stroud,Fantasy
William Morris,Fantasy
Laurence Yep,Fantasy
Tamora Pierce,Fantasy
L. Sprague de CampLin Carter,Fantasy
Janny Wurts,Fantasy
Samit Basu,Fantasy
Edgar Rice Burroughs,Fantasy
J. G. Ballard,Fantasy
Terry Pratchett,Fantasy
Gillian Bradshaw,Fantasy
Marion Zimmer Bradley,Fantasy
Samit Basu,Fantasy
George R. R. Martin,Fantasy
Steven Erikson,Fantasy
Jack Snow,Fantasy
H. Rider Haggard,Fantasy
Elizabeth Goudge,Fantasy
Rob MacGregor,Fantasy
A. E. van Vogt,Fantasy
J.T. Holden,Fantasy
"David H. Keller, M.D.",Fantasy
Nancy Yi Fan,Fantasy
Piers Anthony,Fantasy
Juliet Marillier,Fantasy
Kate Constable,Fantasy
Lin Carter,Fantasy
David Gemmell,Fantasy
Robin Hobb,Fantasy
W. Michael Gear,Fantasy
Lian Hearn,Fantasy
Clare Bell,Fantasy
Fritz Leiber,Fantasy
Judith Moffett,Fantasy
Chris Pierson,Fantasy
Robert Jordan,Fantasy
Dan Gutman,Fantasy
Tim Powers,Fantasy
Raymond E. FeistWilliam R. Forstchen,Fantasy
Mel Odom,Fantasy
Margaret Weis,Fantasy
Tamora Pierce,Fantasy
Edgar Rice Burroughs,Fantasy
Joe Dever,Fantasy
"L. Sprague de Camp, Lin Carter and Björn Nyberg",Fantasy
C. J. Cherryh,Fantasy
Lord Dunsany,Fantasy
Emily Rodda,Fantasy
Leonard Carpenter,Fantasy
C. J. Cherryh,Fantasy
Jostein Gaarder,Fantasy
Erin Hunter,Fantasy
Shannon Hale,Fantasy
Juliet Marillier,Fantasy
Katherine Kurtz,Fantasy
Richard Baker,Fantasy
Michael Moorcock,Fantasy
H. G. Wells,Fantasy
T. H. White,Fantasy
Michelle Paver,Fantasy
Brent Weeks,Fantasy
Rick Riordan,Fantasy
Philip K. Dick,Fantasy
Garth Nix,Fantasy
Nathalie Mallet,Fantasy
Catherine Jinks,Fantasy
Piers Anthony,Fantasy
Isobelle Carmody,Fantasy
Poul Anderson,Fantasy
James Blish,Fantasy
Garth Nix,Fantasy
Fritz Leiber,Fantasy
Charles Stross,Fantasy
Julia Golding,Fantasy
Richard Adams,Fantasy
Jack L. Chalker,Fantasy
Robert Holdstock,Fantasy
Paul B. Thompson,Fantasy
Neal Shusterman,Fantasy
Dan Parkinson,Fantasy
Erin Hunter,Fantasy
Ruth Plumly Thompson,Fantasy
Greg Keyes,Fantasy
Edgar Rice Burroughs,Fantasy
J. K. Rowling,Fantasy
Katherine Kurtz,Fantasy
Patrick Carman,Fantasy
Dominic Barker,Fantasy
Leonard Carpenter,Fantasy
Dodie Smith,Fantasy
Tove Jansson,Fantasy
Poul Anderson,Fantasy
Geraldine McCaughrean,Fantasy
L. Ron Hubbard,Fantasy
H. G. Wells,Fantasy
Walter Moers,Fantasy
Steven Brust,Fantasy
James A. Owen,Fantasy
William Beckford,Fantasy
Terry Brooks,Fantasy
Tera Lynn Childs,Fantasy
Catherynne M. Valente,Fantasy
Sharon Shinn,Fantasy
Rosemary Kirstein,Fantasy
Stephen R. Donaldson,Fantasy
Rachel Cosgrove (Payes),Fantasy
Alan Dean Foster,Fantasy
Katherine Roberts,Fantasy
Charles R. Saunders,Fantasy
Brandon Mull,Fantasy
Iain Banks,Fantasy
Edith Nesbit,Fantasy
Janet Morris,Fantasy
L. Frank Baum,Fantasy
C. S. Lewis,Fantasy
C. J. Cherryh,Fantasy
James A. Owen,Fantasy
J. V. Jones,Fantasy
BB,Fantasy
Cornelia Funke,Fantasy
Michael Ende,Fantasy
Stephen Hunt,Fantasy
Lewis Carroll,Fantasy
Brian Jacques,Fantasy
Tamora Pierce,Fantasy
Robert A. Heinlein,Fantasy
Sherwood Smith,Fantasy
Katherine Kurtz,Fantasy
Charles de Lint,Fantasy
Lin Carter,Fantasy
Terry Goodkind,Fantasy
Alastair Reynolds,Fantasy
Harry Turtledove,Fantasy
Edgar Rice Burroughs,Fantasy
Betty Louise Bell,Fantasy
"Wolfgang Hohlbein, Heike Hohlbein",Fantasy
Robert Jordan,Fantasy
Robin Jarvis,Fantasy
Piers Anthony,Fantasy
Holly Black,Fantasy
Fritz Leiber,Fantasy
Karyl Carlson &Eric Gjovaag,Fantasy
Lord Dunsany,Fantasy
Maurice Sendak,Fantasy
John Barnes,Fantasy
Haruki Murakami,Fantasy
Greg Keyes,Fantasy
Lois McMaster Bujold,Fantasy
Steve Erickson,Fantasy
Charles R. Saunders,Fantasy
Anne McCaffrey and Elizabeth Ann Scarborough,Fantasy
Samuel R. Delany,Fantasy
Brian Jacques,Fantasy
Robin Hobb,Fantasy
John Masefield,Fantasy
Chris Van Allsburg,Fantasy
Norton Juster,Fantasy
Mary Kirchoff,Fantasy
Elizabeth Moon,Fantasy
C. J. Cherryh,Fantasy
Gael Baudino,Fantasy
Andrzej Sapkowski,Fantasy
Emily Rodda,Fantasy
Terry Goodkind,Fantasy
Walter Jon Williams,Fantasy
Tamora Pierce,Fantasy
H. Rider Haggard,Fantasy
Talbot Mundy,Fantasy
Piers Anthony,Fantasy
Tanya Huff,Fantasy
Patricia A. McKillip,Fantasy
Leigh Brackett,Fantasy
Robin Jarvis,Fantasy
Shannon Hale,Fantasy
Kristin Cashore,Fantasy
Jeanne DuPrau,Fantasy
Piers Anthony,Fantasy
Karen Miller,Fantasy
Ruth Plumly Thompson,Fantasy
Various,Fantasy
Honoré de Balzac,Fantasy
Jean Ure,Fantasy
Joanne Bertin,Fantasy
Marion Zimmer BradleyDeborah J. Ross,Fantasy
Katherine Kurtz,Fantasy
Andrzej Sapkowski,Fantasy
Anne McCaffrey and Elizabeth Moon,Fantasy
Samuel R. Delany,Fantasy
George R. R. Martin,Fantasy
L. Frank Baum,Fantasy
A. Merritt,Fantasy
Chris Pierson,Fantasy
Jennifer Fallon,Fantasy
Robert Jordan,Fantasy
H. Rider Haggard,Fantasy
"
Kami Garcia
Margaret Stohl
",Fantasy
Larry Niven,Fantasy
Brandon Sanderson,Fantasy
Marianne Curley,Fantasy
Tom Baker,Fantasy
Terry Brooks,Fantasy
Fritz Leiber,Fantasy
Terry Brooks,Fantasy
Brandon Mull,Fantasy
Alan Dean Foster,Fantasy
Roger Zelazny,Fantasy
Randall Garrett,Fantasy
Emma Bull,Fantasy
Phyllis Eisenstein,Fantasy
J. K. Rowling,Fantasy
Amelia Atwater-Rhodes,Fantasy
Mervyn Peake,Fantasy
Bruce Coville,Fantasy
Madeleine L'Engle,Fantasy
Marion Zimmer Bradley,Fantasy
Angie Sage,Fantasy
Terry Brooks,Fantasy
Victor Kelleher,Fantasy
Eoin Colfer,Fantasy
Evangeline Walton,Fantasy
Philip Pullman,Fantasy
James Patterson,Fantasy
A. Merritt,Fantasy
Katherine Kurtz,Fantasy
Piers Anthony,Fantasy
Patricia A. McKillip,Fantasy
Guy Gavriel Kay,Fantasy
David Farland,Fantasy
Diana S. Zimmerman,Fantasy
C. S. Lewis,Fantasy
Joe Dever,Fantasy
H. Beam Piper,Fantasy
Diane Duane,Fantasy
Mark Twain,Fantasy
Carlo Collodi,Fantasy
Mercedes Lackey,Fantasy
Lev Grossman,Fantasy
R.A. Salvatore,Fantasy
Sherwood Smith,Fantasy
Talbot Mundy,Fantasy
Lin Carter,Fantasy
William Sleator,Fantasy
Chris Pierson,Fantasy
Sam Enthoven,Fantasy
Evangeline Walton,Fantasy
Robert Jordan,Fantasy
Robin Jarvis,Fantasy
Derek Landy,Fantasy
George Meredith,Fantasy
Marion Zimmer Bradley,Fantasy
David Weber,Fantasy
Juliet Marillier,Fantasy
Poul Anderson,Fantasy
Steven Brust,Fantasy
Brian Jacques,Fantasy
Juliet Marillier,Fantasy
Terry Goodkind,Fantasy
Catherine Storr,Fantasy
Harry Turtledove,Fantasy
Terry Goodkind,Fantasy
Paul Stewart,Fantasy
Edgar Rice Burroughs,Fantasy
Lawrence Watt-Evans,Fantasy
Rob MacGregor,Fantasy
Lynn Flewelling,Fantasy
Jane Leslie Conly,Fantasy
Erin HunterCherith BaldryKate CaryVictoria HolmesDan JolleyTui T. Sutherland,Fantasy
Rick Riordan,Fantasy
Diane Duane,Fantasy
Terry Goodkind,Fantasy
T. H. White,Fantasy
S. M. Stirling,Fantasy
Erin HunterCherith BaldryKate CaryVictoria HolmesDan JolleyTui T. Sutherland,Fantasy
Brandon Sanderson,Fantasy
L. Neil Smith,Fantasy
Steven Erikson,Fantasy
Robert Jordan,Fantasy
Alexander M. Phillips,Fantasy
Lee Yeongdo,Fantasy
Larry Niven and Jerry Pournelle,Fantasy
C. S. Lewis,Fantasy
Terry Brooks,Fantasy
Gregory Benford,Fantasy
Raymond E. Feist,Fantasy
Guy Gavriel Kay,Fantasy
L. Frank Baum,Fantasy
Orson Scott Card,Fantasy
Glen Cook,Fantasy
Katherine Roberts,Fantasy
Brian Jacques,Fantasy
Elizabeth Kerner,Fantasy
Roger Zelazny,Fantasy
Robert Silverberg,Fantasy
Robert L. Forward,Fantasy
Raymond E. Feist,Fantasy
Leon Uris,Fantasy
Eoin Colfer,Fantasy
Julianna Baggott,Fantasy
Christine Feehan,Fantasy
Katherine Kurtz,Fantasy
Garth Nix,Fantasy
Terry Goodkind,Fantasy
Gillian Bradshaw,Fantasy
Lois McMaster Bujold,Fantasy
Tim LaHaye and Jerry B. Jenkins,Fantasy
Sam Savage,Fantasy
Graham Taylor,Fantasy
Angie Sage,Fantasy
C. Dale Brittain,Fantasy
Tamora Pierce,Fantasy
Paul B. Thompson & Tonya R. Carter,Fantasy
Emily Rodda,Fantasy
Jasper Fforde,Fantasy
Anne McCaffrey,Fantasy
Piers Anthony,Fantasy
Eric Linklater,Fantasy
Erin Hunter,Fantasy
Barbara Hambly,Fantasy
Suzanne Collins,Fantasy
Brandon Sanderson,Fantasy
Steven Brust,Fantasy
Pierre Berton,Fantasy
Eileen Wilks,Fantasy
Ruth Plumly Thompson,Fantasy
Zilpha Keatley Snyder,Fantasy
Roald Dahl,Fantasy
Ernest Bramah,Fantasy
George R. R. Martin,Fantasy
Emily Rodda,Fantasy
Katherine Kurtz,Fantasy
Madeleine L'Engle,Fantasy
James Blaylock,Fantasy
L. Frank Baum,Fantasy
Diane Duane,Fantasy
Elizabeth Marie Pope,Fantasy
Tad Williams,Fantasy
Alan Dean Foster,Fantasy
Graham Edwards,Fantasy
Edgar Rice Burroughs,Fantasy
Stephen King,Fantasy
Walter M. Miller Jr.,Fantasy
Katherine Langrish,Fantasy
Robert L. Forward,Science Fiction
Philip K. Dick,Science Fiction
Isaac Asimov,Science Fiction
Suzanne Collins,Science Fiction
Michael Swanwick,Science Fiction
Vonda N. McIntyre,Science Fiction
J. G. Ballard,Science Fiction
Trevor Baxendale,Science Fiction
Brian Greene,Science Fiction
Samuel R. Delany,Science Fiction
Thomas Calvert McClary,Science Fiction
Roger MacBride Allen,Science Fiction
Frank Rodgers,Science Fiction
Mikhail Bulgakov,Science Fiction
Arthur C. ClarkeStephen Baxter,Science Fiction
Geoff Ryman,Science Fiction
Christopher Priest,Science Fiction
John Boyd,Science Fiction
Catherine Asaro,Science Fiction
Gene DeWeese,Science Fiction
Barry N. Malzberg,Science Fiction
John Wyndham,Science Fiction
Robert A. Heinlein,Science Fiction
Jonathan Lethem,Science Fiction
William Sleator,Science Fiction
George O. Smith,Science Fiction
Stephen Antczak,Science Fiction
Stephen R. Donaldson,Science Fiction
Jack Williamson,Science Fiction
Kage Baker,Science Fiction
Lois Lowry,Science Fiction
Edgar Rice Burroughs,Science Fiction
Larry Niven,Science Fiction
John Taine,Science Fiction
David Gerrold,Science Fiction
K. A. Applegate,Science Fiction
Scott Westerfeld,Science Fiction
David Dvorkin,Science Fiction
James Alan Gardner,Science Fiction
Samuel R. Delany,Science Fiction
Marion Zimmer Bradley,Science Fiction
David Brin,Science Fiction
Robert T. Bakker,Science Fiction
Robert Silverberg,Science Fiction
Paul Levinson,Science Fiction
Lee Correy,Science Fiction
Eric Frank Russell,Science Fiction
Philip George Chadwick,Science Fiction
Fred T. Jane,Science Fiction
Orson Scott Card,Science Fiction
Robert A. Heinlein,Science Fiction
David Foster Wallace,Science Fiction
Lois Lowry,Science Fiction
Robert C. O'Brien,Science Fiction
Robert S. Richardson (as Philip Latham),Science Fiction
Kōbō Abe,Science Fiction
Matthew J. Costello,Science Fiction
Marianne de Pierres,Science Fiction
Gary Paulsen,Science Fiction
Robert Silverberg,Science Fiction
Poul Anderson,Science Fiction
Andrew Clements,Science Fiction
Dana Kramer-Rolls,Science Fiction
Arkady and Boris Strugatsky,Science Fiction
Harry Turtledove,Science Fiction
Jules VernePaschal Grousset (uncredited),Science Fiction
Hugh Walters,Science Fiction
David Weber,Science Fiction
Otis Adelbert Kline,Science Fiction
Sergey Lukyanenko,Science Fiction
Philip K. Dick,Science Fiction
Frank Herbert,Science Fiction
Frank Herbert,Science Fiction
Daniel F. Galouye,Science Fiction
Maurice G. Dantec,Science Fiction
Virginia DeMarce andEric Flint(Series creator and editor),Science Fiction
Robert A. Heinlein,Science Fiction
Keith Mansfield,Science Fiction
Keith Topping,Science Fiction
David Weber,Science Fiction
Iain M. Banks,Science Fiction
Isaac Asimov,Science Fiction
Paul and Hollis Davids,Science Fiction
Arthur C. Clarke,Science Fiction
Hermann Hesse,Science Fiction
Kristine Kathryn Rusch,Science Fiction
John Brunner,Science Fiction
David Brin,Science Fiction
Robert Silverberg,Science Fiction
Jude Watson,Science Fiction
Hugh Walters,Science Fiction
George O. Smith,Science Fiction
Barbara HamblyKevin J. Anderson,Science Fiction
Marion Zimmer Bradley,Science Fiction
Alan Dean Foster,Science Fiction
H. G. Wells,Science Fiction
Philip José Farmer,Science Fiction
John Barnes,Science Fiction
William F. Nolan & George Clayton Johnson,Science Fiction
Stephen Cole,Science Fiction
Linda Buckley-Archer,Science Fiction
Karen Traviss,Science Fiction
Janusz A. Zajdel,Science Fiction
Philip José Farmer,Science Fiction
Sean McMullen,Science Fiction
Sarban,Science Fiction
Kage Baker,Science Fiction
Philip K. Dick,Science Fiction
Arthur C. Clarke,Science Fiction
H. Chandler Elliott,Science Fiction
Joseph Conrad,Science Fiction
Daniel H. Wilson,Science Fiction
H. G. Wells,Science Fiction
Alan Dean Foster,Science Fiction
Theodore Judson,Science Fiction
Christopher Bulis,Science Fiction
Douglas Adams,Science Fiction
Stanisław Lem,Science Fiction
Douglas Niles,Science Fiction
Iain M. Banks,Science Fiction
Eric Frank Russell,Science Fiction
Peter David,Science Fiction
Nancy Farmer,Science Fiction
O.T. Nelson,Science Fiction
Philip K. Dick,Science Fiction
Catherine Asaro,Science Fiction
David Weber,Science Fiction
Martin Caidin,Science Fiction
Mark Gatiss,Science Fiction
Jude Watson,Science Fiction
William Barton,Science Fiction
W. Michael Gear,Science Fiction
Margaret Wander Bonanno,Science Fiction
Stephen Baxter,Science Fiction
Douglas Adams,Science Fiction
William Gray Beyer,Science Fiction
David Sherman & Dan Cragg,Science Fiction
L. E. Modesitt,Science Fiction
Stephen Baxter,Science Fiction
Ian Stewart,Science Fiction
George Tomkyns Chesney,Science Fiction
Sergey Lukyanenko,Science Fiction
Hugh Walters,Science Fiction
Stanton A. Coblentz,Science Fiction
A. E. van Vogt,Science Fiction
Theodore Sturgeon,Science Fiction
Alastair Reynolds,Science Fiction
Steven L. Kent[1],Science Fiction
Terry Pratchett,Science Fiction
W. H. Hudson,Science Fiction
Harry Turtledove,Science Fiction
David Brin,Science Fiction
Isaac Asimov,Science Fiction
Stanisław Lem,Science Fiction
Steve Perry,Science Fiction
Alan Dean Foster,Science Fiction
Austin Grossman,Science Fiction
Samuel R. Delany,Science Fiction
John Lymington,Science Fiction
Alastair Reynolds,Science Fiction
Linda Nagata,Science Fiction
John Varley,Science Fiction
Jude Watson,Science Fiction
Alan Dean Foster,Science Fiction
Ken MacLeod,Science Fiction
Richard K. Morgan,Science Fiction
H. G. Wells,Science Fiction
Peter F. Hamilton,Science Fiction
Rex Gordon,Science Fiction
Colin Brake,Science Fiction
Steven Hall,Science Fiction
Isaac Asimov,Science Fiction
Hal Clement,Science Fiction
Russell Hoban,Science Fiction
Neal Asher,Science Fiction
Orson Scott Card,Science Fiction
S. M. Stirling,Science Fiction
H. G. Wells,Science Fiction
Michael Flynn,Science Fiction
Jack Vance,Science Fiction
Philip K. Dick,Science Fiction
Eric Nylund,Science Fiction
Frederik Pohl and Cyril M. Kornbluth,Science Fiction
Roger Zelazny,Science Fiction
Karen Traviss,Science Fiction
Isaac Asimov and Robert Silverberg,Science Fiction
Justin Richards,Science Fiction
L. Ron Hubbard,Science Fiction
Lucian of Samosata,Science Fiction
Marion Zimmer Bradley,Science Fiction
Fritz Leiber,Science Fiction
Harry Turtledove,Science Fiction
Ansen Dibell,Science Fiction
Mikhail Bulgakov,Science Fiction
Ralph Milne Farley,Science Fiction
Philip Purser-Hallard,Science Fiction
Gareth Roberts,Science Fiction
Robert A. Heinlein,Science Fiction
Keith Laumer,Science Fiction
Edward E. Smith,Science Fiction
Aldous Huxley,Science Fiction
Kelly Hale,Science Fiction
Luke Rhinehart,Science Fiction
James Patterson,Science Fiction
Ian McDonald,Science Fiction
Adolfo Bioy Casares,Science Fiction
Philip José Farmer,Science Fiction
Isaac Asimov,Science Fiction
George Griffith,Science Fiction
Hugh Walters,Science Fiction
John Barnes,Science Fiction
Jack L. Chalker,Science Fiction
Various,Science Fiction
Jules Verne,Science Fiction
Milton Lesser,Science Fiction
Nicola Griffith,Science Fiction
Robert Silverberg,Science Fiction
Gene DeWeese,Science Fiction
Diane Duane,Science Fiction
Alan Dean Foster,Science Fiction
John Christopher,Science Fiction
Olaf Stapledon,Science Fiction
Alastair Reynolds,Science Fiction
Frederik Pohl,Science Fiction
Christopher Bulis,Science Fiction
Arkady and Boris Strugatsky,Science Fiction
Graham Williams,Science Fiction
Craig Hinton,Science Fiction
Jacqueline Carey,Science Fiction
Joan Slonczewski,Science Fiction
H. G. Wells,Science Fiction
Stephen Cole,Science Fiction
David Weber,Science Fiction
William C. Dietz,Science Fiction
Andrew McGahan,Science Fiction
Karin Lowachee,Science Fiction
Steve Lyons,Science Fiction
Barry Letts,Science Fiction
Peadar Ó Guilín,Science Fiction
Murray Leinster,Science Fiction
David Weber,Science Fiction
Charles De Lint,Science Fiction
Jack Campbell,Science Fiction
Joe Haldeman,Science Fiction
L. Ron Hubbard,Science Fiction
Arthur C. Clarke,Science Fiction
Robert A. Heinlein,Science Fiction
Frederik Pohl,Science Fiction
Arkady and Boris Strugatsky,Science Fiction
C. J. Cherryh,Science Fiction
Jack Campbell,Science Fiction
Ken MacLeod,Science Fiction
Alan Dean Foster,Science Fiction
Joseph Staten,Science Fiction
Keith Topping,Science Fiction
Jules Verne,Science Fiction
John Buchan,Science Fiction
Perley Poore Sheehan,Science Fiction
Craig Hinton,Science Fiction
China Miéville,Science Fiction
Kenneth Bulmer,Science Fiction
Philip Reeve,Science Fiction
Andre Norton,Science Fiction
Charles Stross,Science Fiction
Michael Reaves,Science Fiction
Ian McDonald,Science Fiction
H. G. Wells,Science Fiction
Kage Baker,Science Fiction
Philip Reeve,Science Fiction
Trenton Lee Stewart,Science Fiction
Sheri S. Tepper,Science Fiction
Bernard Werber,Science Fiction
M. S. Murdock,Science Fiction
Sergey Lukyanenko,Science Fiction
Sergei Lukyanenko (Сергей Лукьяненко),Science Fiction
Colin Brake,Science Fiction
Philip K. Dick,Science Fiction
Harry Turtledove,Science Fiction
David Brin,Science Fiction
Jules Verne,Science Fiction
William Sleator,Science Fiction
Virginia DeMarce,Science Fiction
Alfred Bester,Science Fiction
C.M. Kornbluth,Science Fiction
F. Scott Fitzgerald,Science Fiction
Alice Ilgenfritz JonesElla Merchant,Science Fiction
Jon Courtenay Grimwood,Science Fiction
Greg Cox,Science Fiction
Robert A. Heinlein,Science Fiction
Stanton A. Coblentz,Science Fiction
Gene Wolfe,Science Fiction
Alan E. Nourse,Science Fiction
Curme Gray,Science Fiction
James Doohan and S.M. Stirling,Science Fiction
Greg Egan,Science Fiction
Sharyn McCrumb,Science Fiction
Arthur Conan Doyle,Science Fiction
Thomas M. Disch,Science Fiction
Kurt Vonnegut,Science Fiction
James P. Hogan,Science Fiction
Marge Piercy,Science Fiction
Hugh Walters,Science Fiction
Ray Bradbury,Science Fiction
Scott Westerfeld,Science Fiction
Jack Vance,Science Fiction
Hugh Walters,Science Fiction
Philip Kerr,Science Fiction
James White,Science Fiction
Jules Verne,Science Fiction
Timothy Zahn,Science Fiction
Francis Stevens,Science Fiction
Peter Temple,Crime Fiction
Agatha Christie,Crime Fiction
Tim Dorsey,Crime Fiction
Colin Dexter,Crime Fiction
James Patterson,Crime Fiction
Chester Himes,Crime Fiction
P. D. James,Crime Fiction
Keigo Higashino,Crime Fiction
Al Fray,Crime Fiction
Lindsey Davis,Crime Fiction
Ruth Rendell,Crime Fiction
Ruth Rendell,Crime Fiction
Kathy Reichs,Crime Fiction
Barbara Vine (Ruth Rendell),Crime Fiction
Mark Mills,Crime Fiction
Patricia Highsmith,Crime Fiction
Jonathan Gash,Crime Fiction
Ruth Rendell,Crime Fiction
Jeffery Deaver,Crime Fiction
Robert B. Parker,Crime Fiction
Raymond Chandler and Robert B. Parker,Crime Fiction
Agatha Christie,Crime Fiction
Gordon Williams,Crime Fiction
Sax Rohmer,Crime Fiction
Jonathan Kellerman,Crime Fiction
Andrew Vachss,Crime Fiction
Agatha Christie,Crime Fiction
Agatha Christie,Crime Fiction
Jo Nesbø,Crime Fiction
Margery Allingham,Crime Fiction
Michael Dibdin,Crime Fiction
Bob Weltlich,Crime Fiction
Agatha Christie,Crime Fiction
Minette Walters,Crime Fiction
Robert Wilson,Crime Fiction
Caleb Carr,Crime Fiction
Michael Connelly,Crime Fiction
Minette Walters,Crime Fiction
Kathy Reichs,Crime Fiction
James Ellroy,Crime Fiction
Jeffery Deaver,Crime Fiction
Christopher Brookmyre,Crime Fiction
Ruth Rendell,Crime Fiction
Stephen King,Crime Fiction
Peter Robinson,Crime Fiction
Henning Mankell,Crime Fiction
Ian Rankin,Crime Fiction
Jeffery Deaver,Crime Fiction
Margery Allingham,Crime Fiction
Lindsey Davis,Crime Fiction
Tim Dorsey,Crime Fiction
Ruth Rendell,Crime Fiction
Janet Evanovich,Crime Fiction
Agatha Christie,Crime Fiction
Ian Rankin,Crime Fiction
Lindsey Davis,Crime Fiction
Agatha Christie,Crime Fiction
Peter Robinson,Crime Fiction
James Ellroy,Crime Fiction
Ruth Rendell,Crime Fiction
Janet Evanovich,Crime Fiction
Darren Williams,Crime Fiction
P. D. James,Crime Fiction
Agatha Christie,Crime Fiction
Fyodor Dostoevsky,Crime Fiction
Margery Allingham,Crime Fiction
Alexander McCall Smith,Crime Fiction
Agatha Christie,Crime Fiction
Agatha Christie,Crime Fiction
Ruth Rendell,Crime Fiction
Lindsey Davis,Crime Fiction
Jeff Lindsay,Crime Fiction
Peter Robinson,Crime Fiction
Michael Connelly,Crime Fiction
Maj Sjöwall and Per Wahlöö,Crime Fiction
Arturo Pérez-Reverte,Crime Fiction
Lindsey Davis,Crime Fiction
J. D. Robb,Crime Fiction
Ed Falco,Crime Fiction
Barbara Vine (Ruth Rendell),Crime Fiction
Al Fray,Crime Fiction
Ruth Rendell,Crime Fiction
Thomas E. GaddisJames O. Long,Crime Fiction
Lindsey Davis,Crime Fiction
Ruth Rendell,Crime Fiction
Lindsey Davis,Crime Fiction
Janet Evanovich,Crime Fiction
Agatha Christie,Crime Fiction
Ruth Rendell,Crime Fiction
K. C. Constantine,Crime Fiction
China Miéville,Crime Fiction
Kathy Reichs,Crime Fiction
H. R. F. Keating,Crime Fiction
Agatha Christie,Crime Fiction
Colin Bateman,Crime Fiction
George Pelecanos,Crime Fiction
Laurie R. King,Crime Fiction
Ian Rankin,Crime Fiction
Agatha Christie,Crime Fiction
Friedrich Dürrenmatt,Crime Fiction
Agatha Christie,Crime Fiction
Peter Robinson,Crime Fiction
Tim Dorsey,Crime Fiction
Håkan Nesser,Crime Fiction
Martin Cruz Smith,Crime Fiction
Agatha Christie,Crime Fiction
Agatha Christie,Crime Fiction
Michael Connelly,Crime Fiction
Evan Hunter(as Ed McBain),Crime Fiction
Mickey Spillane,Crime Fiction
Agatha Christie,Crime Fiction
Agatha Christie,Crime Fiction
Agatha Christie,Crime Fiction
Jill Paton Walsh,Crime Fiction
James Ellroy,Crime Fiction
Ruth Rendell,Crime Fiction
Agatha Christie,Crime Fiction
Dennis Lehane,Crime Fiction
Agatha Christie,Crime Fiction
Ruth Rendell,Crime Fiction
Anthony Horowitz,Crime Fiction
Margery Allingham,Crime Fiction
Michael Dibdin,Crime Fiction
Robert Holdstock,Crime Fiction
Boris Akunin,Crime Fiction
Colin Dexter,Crime Fiction
Ruth Rendell,Crime Fiction
Henning Mankell,Crime Fiction
H. R. F. Keating,Crime Fiction
H. R. F. Keating,Crime Fiction
Ruth Rendell,Crime Fiction
J. D. Robb,Crime Fiction
Minette Walters,Crime Fiction
Al Fray,Crime Fiction
Gabriel García Márquez,Crime Fiction
Agatha Christie,Crime Fiction
Raymond Chandler,Crime Fiction
Henning Mankell,Crime Fiction
Agatha Christie,Crime Fiction
Agatha Christie,Crime Fiction
Agatha Christie,Crime Fiction
J. D. Robb,Crime Fiction
Agatha Christie,Crime Fiction
Scott Turow,Crime Fiction
Ruth Rendell,Crime Fiction
Dashiell Hammett,Crime Fiction
James Ellroy,Crime Fiction
Anthony Berkeley  writing as Francis Iles,Crime Fiction
Carl Hiaasen,Crime Fiction
Elizabeth George,Crime Fiction
Agatha Christie,Crime Fiction
Charles Finch,Crime Fiction
Jonathan Latimer,Crime Fiction
Ruth Rendell,Crime Fiction
Ruth Rendell,Crime Fiction
Tim Dorsey,Crime Fiction
Alan Dean Foster,Crime Fiction
Agatha Christie,Crime Fiction
Daniel Odier,Crime Fiction
James Patterson,Crime Fiction
Colin Bateman,Crime Fiction
H. R. F. Keating,Crime Fiction
Barbara Vine,Crime Fiction
Jeff Lindsay,Crime Fiction
Laurie R. King,Crime Fiction
Ruth Rendell,Crime Fiction
Agatha Christie,Crime Fiction
Ian Rankin,Crime Fiction
Agatha Christie,Crime Fiction
George Pelecanos,Crime Fiction
Lindsey Davis,Crime Fiction
Ruth Rendell,Crime Fiction
Ian Rankin,Crime Fiction
Lindsey Davis,Crime Fiction
Colin Dexter,Crime Fiction
Agatha Christie,Crime Fiction
Eugenio Fuentes,Crime Fiction
Ellis Peters,Crime Fiction
Ruth Rendell,Crime Fiction
Mark Winegardner,Crime Fiction
Barbara Vine (Ruth Rendell),Crime Fiction
John D. MacDonald,Crime Fiction
Agatha Christie,Crime Fiction
Agatha Christie,Crime Fiction
Margery Allingham,Crime Fiction
Jeffery Deaver,Crime Fiction
Ruth Rendell,Crime Fiction
Jo Nesbø,Crime Fiction
Morag Joss,Crime Fiction
Elmore Leonard,Crime Fiction
Gregory Mcdonald,Crime Fiction
Josephine Tey,Crime Fiction
Charles Finch,Crime Fiction
George Pelecanos,Crime Fiction
Maj Sjöwall and Per Wahlöö,Crime Fiction
Christopher Brookmyre,Crime Fiction
J. D. Robb,Crime Fiction
Margery Allingham,Crime Fiction
Michael Connelly,Crime Fiction
Colin Bateman,Crime Fiction
Donna Leon,Crime Fiction
Kathy Reichs,Crime Fiction
P. D. James,Crime Fiction
Minette Walters,Crime Fiction
Agatha Christie,Crime Fiction
George Pelecanos,Crime Fiction
Janet Evanovich,Crime Fiction
J. D. Robb,Crime Fiction
Patricia Cornwell,Crime Fiction
Miyuki Miyabe,Crime Fiction
Agatha Christie,Crime Fiction
Ian Rankin,Crime Fiction
P. D. James,Crime Fiction
Barbara Vine (Ruth Rendell),Crime Fiction
Cameron McCabe,Crime Fiction
Agatha Christie,Crime Fiction
Colin Dexter,Crime Fiction
James Hadley Chase,Crime Fiction
Tim Dorsey,Crime Fiction
Peter Robinson,Crime Fiction
Maj Sjöwall and Per Wahlöö,Crime Fiction
Janet Evanovich,Crime Fiction
P. D. James,Crime Fiction
Anthony Frewin,Crime Fiction
Evan Hunter(as Ed McBain),Crime Fiction
Henning Mankell,Crime Fiction
Colin Dexter,Crime Fiction
Michael Connelly,Crime Fiction
Christopher Brookmyre,Crime Fiction
Ruth Rendell,Crime Fiction
Janet Evanovich,Crime Fiction
Margery Allingham,Crime Fiction
Sharadindu Bandyopadhyay,Crime Fiction
Margery Allingham,Crime Fiction
Robert Coover,Crime Fiction
Agatha Christie,Crime Fiction
Al Fray,Crime Fiction
Maj Sjöwall and Per Wahlöö,Crime Fiction
Agatha Christie,Crime Fiction
Peter Høeg,Crime Fiction
Jeff Lindsay,Crime Fiction
Anne Perry,Crime Fiction
Val McDermid,Crime Fiction
Shi Yukun (attributed),Crime Fiction
Laurie R. King,Crime Fiction
Colin Bateman,Crime Fiction
Ruth Rendell,Crime Fiction
Steven F. Havill,Crime Fiction
Patricia Highsmith,Crime Fiction
Margery Allingham,Crime Fiction
Colin Dexter,Crime Fiction
Agatha Christie,Crime Fiction
Agatha Christie,Crime Fiction
Agatha Christie,Crime Fiction
Ruth Rendell,Crime Fiction
Christine Adamo,Crime Fiction
Agatha Christie,Crime Fiction
Jeff Lindsay,Crime Fiction
Georgette Heyer,Crime Fiction
Frank Arnau,Crime Fiction
Christopher Brookmyre,Crime Fiction
Agatha Christie,Crime Fiction
Andrea Camilleri,Crime Fiction
Agatha Christie,Crime Fiction
Peter Robinson,Crime Fiction
Jorge Amado,Crime Fiction
Robert Ludlum,Crime Fiction
Ruth Rendell,Crime Fiction
Louise Penny,Crime Fiction
Peter Robinson,Crime Fiction
Kathy Reichs,Crime Fiction
Selçuk Altun,Crime Fiction
Agatha Christie,Crime Fiction
Ian Rankin,Crime Fiction
Arturo Pérez-Reverte,Crime Fiction
Mickey Spillane,Crime Fiction
Winston Graham,Crime Fiction
Barbara Vine (Ruth Rendell),Crime Fiction
Tim Dorsey,Crime Fiction
Agatha Christie,Crime Fiction
Ruth Rendell,Crime Fiction
Patricia Highsmith,Crime Fiction
Maj Sjöwall and Per Wahlöö,Crime Fiction
Margery Allingham,Crime Fiction
Laurie R. King,Crime Fiction
Margery Allingham,Crime Fiction
P. D. James,Crime Fiction
Ruth Rendell,Crime Fiction
Arthur Conan Doyle,Crime Fiction
Colin Bateman,Crime Fiction
Ross Macdonald,Crime Fiction
Agatha Christie,Crime Fiction
Lilian Jackson Braun,Crime Fiction
Colin Cotterill,Crime Fiction
Agatha Christie,Crime Fiction
Robert Wilson,Crime Fiction
Lindsey Davis,Crime Fiction
Jens Lapidus,Crime Fiction
Ben Elton,Crime Fiction
Peter Robinson,Crime Fiction
Bill O'Reilly,Crime Fiction
Raymond Chandler,Crime Fiction
Jeff Lindsay,Crime Fiction
Agatha Christie,Crime Fiction
Agatha Christie,Crime Fiction
Michael Connelly,Crime Fiction
Ruth Rendell,Crime Fiction
Robert Wilson,Crime Fiction
Colin Bateman,Crime Fiction
Ruth Rendell,Crime Fiction
Ruth Rendell,Crime Fiction
Michael Connelly,Crime Fiction
Dennis Lehane,Crime Fiction
Michael Connelly,Crime Fiction
Margery Allingham,Crime Fiction
Barbara Vine (Ruth Rendell),Crime Fiction
Robert B. Parker,Crime Fiction
Janet Evanovich,Crime Fiction
Patricia Highsmith,Crime Fiction
J. D. Robb,Crime Fiction
Ruth Rendell,Crime Fiction
Peter Lovesey,Crime Fiction
Josephine Tey,Crime Fiction
Giuseppe Tomasi di Lampedusa,Crime Fiction
Michael Gregorio,Crime Fiction
Liza Marklund & James Patterson,Crime Fiction
Jonathan Lethem,Crime Fiction
J. D. Robb,Crime Fiction
Bruce Cook (writing as Bruce Alexander),Historical novel
Bruce Cook (writing as Bruce Alexander),Historical novel
Leo Tolstoy,Historical novel
Baroness Orczy,Historical novel
Lindsey Davis,Historical novel
Leslie Barringer,Historical novel
Sally Gardner,Historical novel
Kate Tremayne,Historical novel
Diana Gabaldon,Historical novel
Jason Goodwin,Historical novel
Louis de Bernières,Historical novel
Sir Walter Scott,Historical novel
Anthony Burgess,Historical novel
William O. Steele,Historical novel
Bernard Cornwell,Historical novel
Arthur Conan Doyle,Historical novel
Cynthia Harnett,Historical novel
Robert Louis Stevenson,Historical novel
David Mulligan,Historical novel
Baroness Orczy,Historical novel
Elizabeth Peters,Historical novel
Bernard Cornwell,Historical novel
Anne Holm,Historical novel
Richard A. Lupoff,Historical novel
Baroness Orczy,Historical novel
Patrick O'Brian,Historical novel
Jane Urquhart,Historical novel
Kevin Crossley-Holland,Historical novel
Philip Reeve,Historical novel
C. S. Forester,Historical novel
Alison Weir,Historical novel
Pamela Aidan,Historical novel
Maria Edgeworth,Historical novel
Ellis Avery,Historical novel
Baroness Orczy,Historical novel
Fannie Flagg,Historical novel
Patrick O'Brian,Historical novel
Sir Walter Scott,Historical novel
Mark Gatiss,Historical novel
Jack Whyte,Historical novel
Harriet Beecher Stowe,Historical novel
Felix Dahn,Historical novel
Patrick O'Brian,Historical novel
Caroline Lawrence,Historical novel
Bernard Cornwell,Historical novel
Bernard Cornwell,Historical novel
George MacDonald Fraser,Historical novel
Diana Gabaldon,Historical novel
Michael Crichton,Historical novel
George MacDonald Fraser,Historical novel
Gustave Flaubert,Historical novel
Kathryn Lasky,Historical novel
Mary Renault,Historical novel
Ann Rinaldi,Historical novel
Sir Walter Scott,Historical novel
Rosemary Sutcliff,Historical novel
Baroness Orczy,Historical novel
Rosalind Miles,Historical novel
Patrick O'Brian,Historical novel
Umberto Eco,Historical novel
Joseph Delaney,Historical novel
Tahmima Anam,Historical novel
Bernard Cornwell,Historical novel
L. Sprague de Camp,Historical novel
Debra A. Kemp,Historical novel
Bernard Cornwell,Historical novel
Louis de Bernières,Historical novel
C. S. Forester,Historical novel
Pramoedya Ananta Toer,Historical novel
Kate Tremayne,Historical novel
John Boyne,Historical novel
Anne Golon & Serge Golon,Historical novel
Caroline Lawrence,Historical novel
Bruce Cook (writing as Bruce Alexander),Historical novel
Patrick O'Brian,Historical novel
Alexandre Dumas,Historical novel
Iain Pears,Historical novel
Baroness Orczy,Historical novel
David Liss,Historical novel
Vilhelm Moberg,Historical novel
Patrick O'Brian,Historical novel
Elizabeth Janet Gray Vining,Historical novel
Rohan Wilson,Historical novel
"Reagan O'Neal (real name James Oliver Rigney, Jr.) AKA Robert Jordan",Historical novel
Baroness Orczy,Historical novel
Edgar Rice Burroughs,Historical novel
Karen Cushman,Historical novel
Lindsey Davis,Historical novel
Baroness Orczy,Historical novel
Pamela Aidan,Historical novel
M. T. Anderson,Historical novel
George MacDonald Fraser,Historical novel
Julia Golding,Historical novel
H. N. Turteltaub,Historical novel
Mary Renault,Historical novel
Gordon Dahlquist,Historical novel
Patrick O'Brian,Historical novel
Robert Lewis Taylor,Historical novel
R. F. Delderfield,Historical novel
Caroline Lawrence,Historical novel
Louis Auchincloss,Historical novel
Simon Scarrow,Historical novel
James Fenimore Cooper,Historical novel
C. S. Forester,Historical novel
Isabel Miller,Historical novel
Ann Rinaldi,Historical novel
Baroness Orczy,Historical novel
C. S. Forester,Historical novel
Avi (Edward Irving Wortis),Historical novel
Rafael Sabatini,Historical novel
Pramoedya Ananta Toer,Historical novel
Georgette Heyer,Historical novel
Neal Stephenson,Historical novel
Christopher Paul Curtis,Historical novel
Rohinton Mistry,Historical novel
Graham Greene,Historical novel
Sebastian Faulks,Historical novel
Aleksey Konstantinovich Tolstoy,Historical novel
Michelle Magorian,Historical novel
Louis L'Amour,Historical novel
Cormac McCarthy,Historical novel
Sir Walter Scott,Historical novel
Ruta Sepetys,Historical novel
Bernard Cornwell,Historical novel
Bernard Cornwell,Historical novel
Ildefonso Falcones,Historical novel
George Eliot,Historical novel
Jaan Kross,Historical novel
Katherine Paterson,Historical novel
Ben Mikaelsen,Historical novel
George MacDonald Fraser,Historical novel
Jean M. Auel,Historical novel
Thomas Pynchon,Historical novel
Gad Shimron,Historical novel
Harry Mazer,Historical novel
Elizabeth Peters,Historical novel
Walter Scott,Historical novel
Ann Rinaldi,Historical novel
Marion Zimmer Bradley (completed by Diana L. Paxson),Historical novel
Shashi Tharoor,Historical novel
Katherine Paterson,Historical novel
Nadine Gordimer,Historical novel
Georgette Heyer,Historical novel
Ronald Welch,Historical novel
C. S. Forester,Historical novel
Michael Morpurgo,Historical novel
Denise Giardina,Historical novel
Walter Scott,Historical novel
Umberto Eco,Historical novel
Theresa Tomlinson,Historical novel
Jack Whyte,Historical novel
Diana Gabaldon,Historical novel
Henryk Sienkiewicz,Historical novel
Susanna Clarke,Historical novel
Bernard Cornwell,Historical novel
Alan Hollinghurst,Historical novel
Luo Guanzhong,Historical novel
Bernard Cornwell,Historical novel
Herman Wouk,Historical novel
Noah Gordon,Historical novel
Valerio Massimo Manfredi,Historical novel
Nina Bawden,Historical novel
Sir Walter Scott,Historical novel
Conn Iggulden,Historical novel
John Dickson Carr,Historical novel
Baroness Orczy,Historical novel
Gloria Whelan,Historical novel
Vilhelm Moberg,Historical novel
Kalki Krishnamurthy,Historical novel
Edward Rutherfurd,Historical novel
Baroness Orczy,Historical novel
Anthony Burgess,Historical novel
Edwidge Danticat,Historical novel
Ruth Prawer Jhabvala,Historical novel
Conn Iggulden,Historical novel
José Carlos Somoza,Historical novel
George MacDonald Fraser,Historical novel
Alan Furst,Historical novel
Caroline Lawrence,Historical novel
Walter Scott,Historical novel
George MacDonald Fraser,Historical novel
Caroline Lawrence,Historical novel
Sir Walter Scott,Historical novel
Elizabeth George Speare,Historical novel
Ki Longfellow,Historical novel
Katherine Paterson,Historical novel
Baroness Orczy,Historical novel
Charles Dickens,Historical novel
Morgan Llywelyn,Historical novel
John Dickson Carr,Historical novel
Beryl Bainbridge,Historical novel
Elizabeth Peters,Historical novel
Giorgio Bassani,Historical novel
George MacDonald Fraser,Historical novel
Jane Yolen,Historical novel
Pearl S. Buck,Historical novel
Walter Scott,Historical novel
Margit Sandemo,Historical novel
Thomas Keneally,Historical novel
Bernard Cornwell,Historical novel
Elizabeth Peters,Historical novel
Rosemary Sutcliff,Historical novel
Elizabeth George Speare,Historical novel
Kate Tremayne,Historical novel
Kate Tremayne,Historical novel
Elizabeth Peters,Historical novel
Janet Lunn,Historical novel
Winston Churchill,Historical novel
Sir Walter Scott,Historical novel
Rosemary Sutcliff,Historical novel
Bernard Cornwell,Historical novel
Peter Carey,Historical novel
Mary Renault,Historical novel
Walter Scott,Historical novel
Michael Morpurgo,Historical novel
Irene Hunt,Historical novel
David Liss,Historical novel
Arthur Golden,Historical novel
Patrick O'Brian,Historical novel
Patrick O'Brian,Historical novel
Geraldine Brooks,Historical novel
Lew Wallace,Historical novel
Joan Blos,Historical novel
Sandilyan,Historical novel
Donna Gillespie,Historical novel
Bernard Cornwell,Historical novel
Frank Yerby,Historical novel
Frances Temple,Historical novel
Marion Zimmer Bradley (completed by Diana L. Paxson),Historical novel
José Saramago,Historical novel
Baroness Orczy,Historical novel
Moyra Caldecott,Historical novel
Caroline Lawrence,Historical novel
Walter D. Edmonds,Historical novel
Elizabeth Peters,Historical novel
Jaan Kross,Historical novel
Elizabeth George Speare,Historical novel
Patrick O'Brian,Historical novel
Simon Scarrow,Historical novel
C. S. Forester,Historical novel
Marguerite Yourcenar,Historical novel
Nathaniel Hawthorne,Historical novel
George MacDonald Fraser,Historical novel
David Liss,Historical novel
Charles Nordhoff and James Norman Hall,Historical novel
Robert Westall,Historical novel
Louis A. Meyer,Historical novel
Sandilyan,Historical novel
Bernard Cornwell,Historical novel
James Fenimore Cooper,Historical novel
H. N. Turteltaub,Historical novel
Georgette Heyer,Historical novel
Eva Ibbotson,Historical novel
Siobhan Dowd,Historical novel
Rosemary Sutcliff,Historical novel
Caroline Lawrence,Historical novel
L.A. Meyer,Historical novel
G.A. Henty,Historical novel
Marion Zimmer Bradley and Diana L. Paxson,Historical novel
Beryl Bainbridge,Historical novel
Charles Hawes,Historical novel
Moyra Caldecott,Historical novel
Leslie Barringer,Historical novel
Guy Gavriel Kay,Historical novel
Salvador de Madariaga,Historical novel
Michael Chabon,Historical novel
Lucia St. Clair Robson,Historical novel
Rosemary Sutcliff,Historical novel
L. Sprague de Camp,Historical novel
Tahmima Anam,Historical novel
Patrick O'Brian,Historical novel
Simon Scarrow,Historical novel
Saul David,Historical novel
Robert Hugh Benson,Historical novel
Avi (or Edward Irving Wortis),Historical novel
Deborah Noyes,Historical novel
Anchee Min,Historical novel
Bernard Cornwell,Historical novel
Caroline Lawrence,Historical novel
Cynthia Harnett,Historical novel
Sir Walter Scott,Historical novel
Walter Scott,Historical novel
Yasunari Kawabata,Historical novel
Bernard Cornwell,Historical novel
Olive Ann Burns,Historical novel
Anya Seton,Historical novel
Patrick O'Brian,Historical novel
Ngũgĩ wa Thiong'o,Historical novel
Thomas B. Costain,Historical novel
Amin Maalouf,Historical novel
Paul Scott,Historical novel
Bruce Cook (writing as Bruce Alexander),Historical novel
Jennifer Donnelly,Historical novel
L. Sprague de Camp,Historical novel
Harold Keith,Historical novel
C. S. Forester,Historical novel
Anya Seton,Historical novel
Baroness Orczy,Historical novel
Lucia St. Clair Robson,Historical novel
Marcus Sedgwick,Historical novel
C. S. Forester,Historical novel
Patrick O'Brian,Historical novel
Diana Gabaldon,Historical novel
Caroline Lawrence,Historical novel
Charles W. Chesnutt,Historical novel
Anthony Burgess,Historical novel
Jean Plaidy,Historical novel
Ann Radcliffe,Historical novel
Bernard Cornwell,Historical novel
Dudley Pope,Historical novel
Kathryn Stockett,Historical novel
L. Sprague de Camp,Historical novel
Bernard Cornwell,Historical novel
Julian Barnes,Historical novel
Gary Paulsen,Historical novel
Elizabeth Peters,Historical novel
Baroness Orczy,Historical novel
Patrick O'Brian,Historical novel
"Daphne du Maurier, Arthur Quiller-Couch",Historical novel
Irene Hunt,Historical novel
Caroline Lawrence,Historical novel
Mildred D. Taylor,Historical novel
Ken Follett,Historical novel
Caroline Lawrence,Historical novel
C. S. Forester,Historical novel
George MacDonald Fraser,Historical novel
Howard Fast,Historical novel
Nalo Hopkinson,Historical novel
Bernard Cornwell,Historical novel
Lucia St. Clair Robson,Historical novel
Edgar Rice Burroughs,Historical novel
Bruce Alexander,Historical novel
Alexandre Dumasin collaboration with Auguste Maquet,Historical novel
Conn Iggulden,Historical novel
George MacDonald Fraser,Historical novel
Alexandre Dumas,Historical novel
Walter Scott,Historical novel
Caryl Phillips,Historical novel
Persia Woolley,Historical novel
Bernard Cornwell,Historical novel
Bernard Cornwell,Historical novel
George MacDonald Fraser,Historical novel
Patrick O'Brian,Historical novel
Sharon Kay Penman,Historical novel
Rosemary Sutcliff,Historical novel
Elizabeth Peters,Historical novel
Elizabeth Peters,Historical novel
Caroline Lawrence,Historical novel
Mollie Hunter,Historical novel
Rosalind Miles,Historical novel
Valerio Massimo Manfredi,Historical novel
Diana Gabaldon,Historical novel
Mary Renault,Historical novel
Aharon Appelfeld,Historical novel
David Rees,Historical novel
Cynthia Harnett,Historical novel
James Michener,Historical novel
Steven Pressfield,Historical novel
Kazuo Ishiguro,Historical novel
Jean Thesman,Historical novel
Caroline Lawrence,Historical novel
Graham Salisbury,Historical novel
Caleb Carr,Historical novel
Robert Louis Stevenson,Horror
H. G. Wells,Horror
William Hope Hodgson,Horror
Stephen King,Horror
Stephen King,Horror
Terry Brooks,Horror
Stephen King,Horror
Jeff Mariotte,Horror
Elizabeth Massie,Horror
Anne Rice,Horror
William March,Horror
Scott Ciencin and Denise Ciencin,Horror
Darren Shan,Horror
Laurell K. Hamilton,Horror
John Dickson Carr,Horror
Cameron Dokey,Horror
Dan Simmons,Horror
Arthur Machen,Horror
Darren O'Shaughnessy (as Darren Shan),Horror
Christopher Golden,Horror
Carlos Ruiz Zafón,Horror
Stephen King,Horror
Hans Holbein the Younger,Horror
Darren Shan,Horror
Brian Lumley,Horror
Brian Lumley,Horror
Hans Holbein the Younger,Horror
Darren Shan,Horror
H. P. Lovecraft,Horror
Ray Garton,Horror
Richelle Mead,Horror
Laura J. Burns and Melinda Metz,Horror
Gary Brandner,Horror
Stephen King,Horror
Nancy Holder,Horror
T. M. Gray,Horror
Jim Butcher,Horror
Nathaniel Hawthorne,Horror
Gaston Leroux,Horror
Bret Easton Ellis,Horror
Clive Barker,Horror
Robert R. McCammon,Horror
Laurell K. Hamilton,Horror
John Metcalfe,Horror
Brian Lumley,Horror
Dean Koontz,Horror
Gary Brandner,Horror
Stephen R. Donaldson,Horror
Hans Holzer,Horror
Alan Dean Foster,Horror
Christopher Golden & James A. Moore,Horror
Anne Rice,Horror
Dean Koontz (as Leigh Nichols),Horror
Various,Horror
Stephen King,Horror
Kelley Armstrong,Horror
H. P. Lovecraft,Horror
Laurell K. Hamilton,Horror
Mervyn Peake,Horror
Dan Simmons,Horror
Edith Wharton,Horror
Nick Mamatas,Horror
Robin Hardy,Horror
Ann Radcliffe,Horror
David Gemmell,Horror
Avi,Horror
Peter Tremayne,Horror
Matthew Reilly,Horror
Darren Shan,Horror
Laurell K. Hamilton,Horror
Darren O'Shaughnessy,Horror
Stephen King,Horror
R. D. Wingfield,Horror
Dean Koontz,Horror
John G. Jones,Horror
Laurell K. Hamilton,Horror
Justin Somper,Horror
Stephen Gilbert,Horror
Anne Rice,Horror
Stephen King,Horror
Dean Koontz,Horror
Terry Brooks,Horror
Christopher Golden,Horror
Sergei Lukyanenko,Horror
Terry Brooks,Horror
Laurell K. Hamilton,Horror
Amelia Atwater-Rhodes,Horror
John Fowles,Horror
Stephen Graham Jones,Horror
Tim Powers,Horror
Stanley G. Weinbaum,Horror
Kim Newman,Horror
Jeff Lindsay,Horror
Bret Easton Ellis,Horror
Christopher Morley,Horror
Dean Koontz,Horror
Charlie Huston,Horror
Jim Butcher,Horror
R. L. Stine,Horror
Laurell K. Hamilton,Horror
R. L. Stine,Horror
Anne Rice,Horror
Steve Alten,Horror
Peter Straub,Horror
Stephen King,Horror
Jeff Smith,Horror
Anne Rice,Horror
Mark Z. Danielewski,Horror
Mark Gatiss,Horror
Alan Dean Foster,Horror
MaryJanice Davidson,Horror
Thomas E. Sniegoski,Horror
David Wellington,Horror
Christopher Golden & Nancy Holder,Horror
Gary Brandner,Horror
Thomas Love Peacock,Horror
Brian Keene,Horror
Washington Irving,Horror
Ursula K. Le Guin,Horror
Stephen King,Horror
Dan Simmons,Horror
William Hope Hodgson,Horror
Christopher Golden & Nancy Holder,Horror
V. C. Andrews,Horror
Laurell K. Hamilton,Horror
Robin Klein,Horror
Alan Dean Foster,Horror
Nancy Holder,Horror
Robert Bloch,Horror
Stephen King (as Richard Bachman),Horror
Arthur Byron Cover,Horror
Dean Koontz,Horror
David Wong,Horror
Ashley McConnell and Dori Koogler,Horror
David Conyers and John Sunseri,Horror
Neil Gaiman,Horror
Charles L. Grant,Horror
Amelia Atwater-Rhodes,Horror
John Bellairs,Horror
Sergei Lukyanenko,Horror
C. S. Forester,Horror
Neil Gaiman,Horror
Guy Burt,Horror
Anne Rice,Horror
Stephen King,Horror
Christie Golden,Horror
John G. Jones,Horror
Anne Rice,Horror
Anne Rice,Horror
Stephen King,Horror
Alice Henderson,Horror
Justin Somper,Horror
Jules Verne,Horror
Anne Rice,Horror
Stephen King,Horror
Richard Laymon,Horror
Clive Barker,Horror
Laurell K. Hamilton,Horror
Christopher Golden & Nancy Holder,Horror
Les Daniels,Horror
Darren O'Shaughnessy (as Darren Shan),Horror
Dean Koontz,Horror
Paul Fleischman,Horror
Nancy Holder,Horror
MaryJanice Davidson,Horror
John Marks,Horror
Kate Cann,Horror
Diana G. Gallagher,Horror
Garth Nix,Horror
Craig Shaw Gardner,Horror
Stephen King,Horror
Dean Koontz,Horror
Greye La Spina,Horror
Christopher Golden andNancy Holder,Horror
Dean Koontz,Horror
Stephen King,Horror
David Wellington,Horror
Mary Shelley,Horror
Dean Koontz (as Brian Coffey),Horror
Laurell K. Hamilton,Horror
Christopher Moore,Horror
Guy Endore,Horror
Shirley Jackson,Horror
Rick Yancey,Horror
Jeff Mariotte,Horror
Laurell K. Hamilton,Horror
Jonathan Carroll,Horror
Darren Shan,Horror
J. Sheridan Le Fanu,Horror
Richard Laymon,Horror
M. P. Shiel,Horror
Yvonne Navarro,Horror
Dean Koontz,Horror
D.M. Cornish,Horror
Diana G. Gallagher,Horror
Poppy Z. Brite,Horror
Kim Newman,Horror
Darren O'Shaughnessy (as Darren Shan),Horror
Christopher Golden,Horror
Stephen King,Horror
Bram Stoker,Horror
Mary Stewart,Horror
Anne Rice,Horror
Anne Rice,Horror
Ira Levin,Horror
Tim Lucas,Horror
Jules Verne,Horror
Bram Stoker,Horror
David Wellington,Horror
Dean Koontz (as Leigh Nichols),Horror
Arthur Machen,Horror
Max Brooks,Horror
Darren Shan,Horror
Justin Somper,Horror
Stephen King,Horror
Theodore Sturgeon,Horror
Oscar Wilde,Horror
Laurell K. Hamilton,Horror
Kim Newman,Horror
Robert R. McCammon,Horror
Anne Rice,Horror
Anne Rice,Horror
John G. Jones,Horror
Colin Wilson,Horror
Frank Belknap Long,Horror
Charles L. Grant,Horror
Kim Newman,Horror
John Passarella,Horror
Charles L. Grant,Horror
Darren O'Shaughnessy (as Darren Shan),Horror
Stephen King,Horror
Diana G. Gallagher,Horror
Stephen King,Horror
Justin Evans,Horror
Robert Joseph Levy,Horror
Ben Jeapes (books 1-3) Helen Hart (books 4-6),Horror
Laurell K. Hamilton,Horror
Orson Scott Card,Horror
Laurell K. Hamilton,Horror
Basil Copper,Horror
Jeff VanderMeer,Horror
Stephen King,Horror
Jeff Mariotte,Horror
Lincoln Child,Horror
John Saul,Horror
Elizabeth Kostova,Horror
Darren O'Shaughnessy (as Darren Shan),Horror
Pierce Askegren,Horror
Laurell K. Hamilton,Horror
Anthony Horowitz,Horror
Henry James,Horror
David Case,Horror
Christopher Golden,Horror
Richard Christian Matheson,Horror
Robert Silverberg,Horror
George R. R. Martin,Horror
Adam Niswander,Horror
Nalo Hopkinson,Horror
Ira Levin,Horror
David Wellington,Horror
Richard Laymon,Horror
Jeffrey Archer,Thriller
James Patterson and Michael Ledwidge,Thriller
John Grisham,Thriller
Matthew Reilly,Thriller
David Morrell,Thriller
Alex Flinn,Thriller
Robert Muchamore,Thriller
Clive Cussler,Thriller
Lincoln Child,Thriller
Frederick Forsyth,Thriller
Frank Peretti,Thriller
Robert Ludlum(Series creator)Eric Van Lustbader,Thriller
Tom Clancy,Thriller
"Lincoln Child,Douglas Preston",Thriller
Robert Ludlum (series creator)Eric Van Lustbader,Thriller
Lee Child,Thriller
John Buchan,Thriller
James Patterson,Thriller
Mollie Hunter,Thriller
Graham Greene,Thriller
Rex Stout,Thriller
John le Carré,Thriller
Frederick Forsyth,Thriller
Michael Crichton (writing as Jeffery Hudson),Thriller
Robert Ludlum,Thriller
Barbara Michaels,Thriller
James Patterson,Thriller
Lionel Davidson,Thriller
Sam Bourne (Also known as Jonathan Freedland),Thriller
Robert Ludlum,Thriller
Sidney Sheldon,Thriller
Robert Muchamore,Thriller
Robert Ludlum,Thriller
Toby Clements,Thriller
Desmond Bagley,Thriller
Robert Ludlum,Thriller
John Buchan,Thriller
Richard Condon,Thriller
Robert Goddard,Thriller
Lee Child,Thriller
Vince Flynn,Thriller
"Telman Gdlyan, Evgeny Dodolev",Thriller
Emma Clayton,Thriller
Sion Sono,Thriller
"Douglas Preston,Lincoln Child",Thriller
Charles R. Pellegrino and George Zebrowski,Thriller
Graham Greene,Thriller
Robert Ludlum,Thriller
Sidney Sheldon,Thriller
Frederick Forsyth,Thriller
Ken Follett,Thriller
Alistair MacLean,Thriller
Victor Canning,Thriller
Ted Lewis,Thriller
Robert Muchamore,Thriller
Frank Herbert,Thriller
Stuart Woods,Thriller
Helen Fielding,Thriller
Alex Barclay,Thriller
Stephen Hunter,Thriller
Alistair MacLean,Thriller
Robert Ludlum (series creator)Eric Van Lustbader,Thriller
Brian Moore,Thriller
Joy Fielding,Thriller
Anthony Horowitz,Thriller
Nancy Werlin,Thriller
Richard Preston,Thriller
Desmond Bagley,Thriller
Elmore Leonard,Thriller
Marvin H. Albert,Thriller
Elmore Leonard,Thriller
Lionel Davidson,Thriller
James Grady,Thriller
Robert Ludlum (series creator)Eric Van Lustbader,Thriller
Lionel Davidson,Thriller
Alistair MacLean,Thriller
R J Ellory,Thriller
Glen David Gold,Thriller
Michael Scott,Thriller
Nevil Shute,Thriller
Donald Hamilton,Thriller
Lionel Shriver,Thriller
Kalki Krishnamurthy,Thriller
Alfred Bester,Thriller
Jeffrey Archer,Thriller
Donald Hamilton,Thriller
Alistair MacLean,Thriller
Andre Norton,Thriller
Robert Muchamore,Thriller
Alistair MacLean,Thriller
Patricia Highsmith,Thriller
John Grisham,Thriller
James Redfield,Thriller
Frederick Forsyth,Thriller
Desmond Bagley,Thriller
Nevil Shute,Thriller
Lionel Davidson,Thriller
Stephen Hunter,Thriller
Mary Higgins Clark,Thriller
John Buchan,Thriller
Stuart Woods,Thriller
Alistair MacLean,Thriller
Tim Krabbé,Thriller
Anthony Horowitz,Thriller
Robert Muchamore,Thriller
"Dean Koontz, Queenie Chan",Thriller
Ken Follett,Thriller
Stephen Fry,Thriller
Tom Clancy,Thriller
Amitav Ghosh,Thriller
Dan Brown,Thriller
Tom Clancy,Thriller
"Douglas Preston,Lincoln Child",Thriller
Michael Scott,Thriller
William Hjortsberg,Thriller
Dean Koontz,Thriller
Matthew Reilly,Thriller
Jim Thompson,Thriller
Clive Cussler,Thriller
Jeff Rovin (created by Tom Clancy & Steve Pieczenik),Thriller
Frederick Forsyth,Thriller
Andre Brink,Thriller
Ruth Rendell,Thriller
Dean Koontz,Thriller
Sidney Sheldon,Thriller
Christopher Brookmyre,Thriller
Ken Follett,Thriller
James Patterson and Maxine Paetro,Thriller
Tom Clancy,Thriller
Mark Winegardner,Thriller
Robert Muchamore,Thriller
Thomas Harris,Thriller
Gavin Lyall,Thriller
Philip Kerr,Thriller
Robert Ludlum (series creator)Eric Van Lustbader,Thriller
Robert Muchamore,Thriller
Sidney Sheldon,Thriller
Hans Holbein the Younger,Thriller
Frederick Forsyth,Thriller
Sidney Sheldon,Thriller
Robert Muchamore,Thriller
Stieg Larsson,Thriller
Tom Clancy,Thriller
Ashwin Sanghi,Thriller
Dan Brown,Thriller
Robert Ferrigno,Thriller
Tom Clancy,Thriller
G. K. Chesterton,Thriller
Steve Berry,Thriller
William Boyd,Thriller
Robert Muchamore,Thriller
James Patterson,Thriller
Daniel Silva,Thriller
Tom Clancy,Thriller
Scott Ciencin and Denise Ciencin,Thriller
Madeleine L'Engle,Thriller
Lionel Davidson,Thriller
Christopher Brookmyre,Thriller
Gavin Lyall,Thriller
Desmond Bagley,Thriller
Christopher Darden and Dick Lochte,Thriller
"Ian Rankin(writing as ""Jack Harvey"")",Thriller
Robert Muchamore,Thriller
Charles Stross,Thriller
Robert Ludlum,Thriller
Alistair MacLean,Thriller
Alistair MacLean,Thriller
Ridley Pearson,Thriller
John Grisham,Thriller
Tom Clancy,Thriller
Hjalmar Söderberg,Thriller
Dean Koontz,Thriller
Gavin Lyall,Thriller
Desmond Bagley,Thriller
Robert Ludlum,Thriller
Robert Ludlum,Thriller
Dan Brown,Thriller
Mario Puzo,Thriller
Charlie Huston,Thriller
Jack Higgins,Thriller
Robert Muchamore,Thriller
Dean Koontz,Thriller
Michael Scott,Thriller
Sidney SheldonTilly Bagshawe,Thriller
Don Winslow,Thriller
Tom Clancy,Thriller
Douglas Preston,Thriller
Seth Grahame-Smith and Jane Austen,Thriller
Steve Hockensmith,Thriller
Jeffery Deaver,Thriller
Joseph Heywood,Thriller
John Buchan,Thriller
Ian Rankin (as Jack Harvey),Thriller
Jeffery Deaver,Thriller
Jeffery Deaver,Thriller
Tom Cain,Thriller
Fred Vargas,Thriller
Dean Koontz,Thriller
Trevor Shane,Thriller
Diane Setterfield,Thriller
Robert Ludlum,Thriller
John le Carré,Thriller
Andrew Klavan,Thriller
John Grisham,Thriller
Stephen Hunter,Thriller
Warren Ellis,Thriller
Gavin Lyall,Thriller
Stephen Hunter,Thriller
Desmond Bagley,Thriller
Daniel Silva,Thriller
Dean Koontz,Thriller
Alistair MacLean,Thriller
Desmond Bagley,Thriller
Frederick Forsyth,Thriller
John Buchan,Thriller
Ken Follett,Thriller
Robert Muchamore,Thriller
Matthew Reilly,Thriller
David Baldacci,Thriller
Michael Scott,Thriller
James Follet,Thriller
Alistair MacLean,Thriller
Harlan Coben,Thriller
Lincoln ChildDouglas Preston,Thriller
Jack Higgins,Thriller
Jeff Rovin (created by Tom Clancy & Steve Pieczenik),Thriller
James Patterson and Maxine Paetro,Thriller
Stieg Larsson,Thriller
S. J. Watson,Thriller
Matthew Reilly,Thriller
Alistair MacLean,Thriller
Robert Ludlum,Thriller
Rodney William Whitaker,Thriller
Paul Theroux,Thriller
Jodi Picoult,Thriller
Desmond Bagley,Thriller
Sidney Sheldon,Thriller
Gavin Lyall,Thriller
Michael Scott,Thriller
Anthony Horowitz,Thriller
Clive Cussler,Thriller
Tom Clancy,Thriller
Anthony Horowitz,Thriller
Daniel Ehrenhaft,Thriller
Anthony Horowitz,Thriller
Ben H. Winters (with Jane Austen attributed),Thriller
William Peter Blatty,Thriller
Harlan Coben,Thriller
Juan Gómez-Jurado,Thriller
Lee Child,Thriller
Robert Ludlum,Thriller
Matthew Reilly,Thriller
Nevil Shute,Thriller
Thomas Gifford,Thriller
Michael Cox,Thriller
Jack Higgins (originally Martin J Fallon),Thriller
Ridley Pearson,Thriller
Fred Vargas,Thriller
Robert Ludlum,Thriller
Marc Cerasini,Thriller
"Lincoln Child,Douglas Preston",Thriller
Robert Ludlum,Thriller
Stieg Larsson,Thriller
Lincoln Child,Thriller
Lionel Davidson,Thriller
Ali Sparkes,Thriller
Anthony Horowitz,Thriller
Lee Child,Thriller
Lee Child,Thriller
Gavin Lyall,Thriller
